{"assets/bgimage.png":["assets/bgimage.png"],"assets/icon.png":["assets/icon.png"],"assets/icon_ac.png":["assets/icon_ac.png"],"assets/icon_cool.png":["assets/icon_cool.png"],"assets/icon_device.png":["assets/icon_device.png"],"assets/icon_kitchen.png":["assets/icon_kitchen.png"],"assets/icon_lamp.png":["assets/icon_lamp.png"],"assets/icon_livingroom.png":["assets/icon_livingroom.png"],"assets/icon_menu.png":["assets/icon_menu.png"],"assets/icon_more.png":["assets/icon_more.png"],"assets/icon_notification.png":["assets/icon_notification.png"],"assets/icon_smarthome.png":["assets/icon_smarthome.png"],"assets/icon_speaker.png":["assets/icon_speaker.png"],"assets/icon_sun.png":["assets/icon_sun.png"],"assets/icon_timer.png":["assets/icon_timer.png"],"assets/icon_user.png":["assets/icon_user.png"],"assets/icon_wifi.png":["assets/icon_wifi.png"],"assets/icon_wind.png":["assets/icon_wind.png"],"assets/logo.png":["assets/logo.png"],"assets/user1.png":["assets/user1.png"],"assets/user2.png":["assets/user2.png"],"assets/user3.png":["assets/user3.png"],"assets/user4.png":["assets/user4.png"],"packages/cupertino_icons/assets/CupertinoIcons.ttf":["packages/cupertino_icons/assets/CupertinoIcons.ttf"]}